Part,Description,Quantity,Unit Price($),Total Price($),Purchase Link
Elecbee Interlink FSR402 Force Sensing Resistor Thin Film Force Sensor 0g-10kg for Arduino UNO R3 Robotics,FSR Sensor,3,2.54,7.62,https://www.elecbee.com/en/product-detail/fsr402-force-sensitive-resistor-0-5-inch-fsr-pressure-sensor-module-diy-kit_25461?utm_term=&utm_campaign=&utm_source=adwords&utm_medium=ppc&hsa_acc=9958698819&hsa_cam=23146566611&hsa_grp=195696585511&hsa_ad=796079352709&hsa_src=g&hsa_tgt=pla-2484169951580&hsa_kw=&hsa_mt=&hsa_net=adwords&hsa_ver=3&gad_source=4&gad_campaignid=23146566611&gbraid=0AAAAADGHwHahXg56NCmwtMW9Dj6Z70ks5&gclid=CjwKCAjw6MPRBhBTEiwAd-7Mr7f9L3Bimp_Emp0q7j-ze9EZPOb5BdV4qkRKW_WBowx8A33c_gWDmRoC9ssQAvD_BwE
RS PRO 821425 Stainless Steel Extension Spring 25mm Free Length 5mm OD 5.4N Tension,Steel Extension Spring,1,4.13,4.13,https://us.rs-online.com/product/rs-pro/821425/73234297/?srsltid=AfmBOoo1yvZ8HayBoOAmVGlhb8P-qiYUUF5e7Q8OgnpIxUmbJdE6STI-cvg
RC4WD M3/M4 Plastic Long Rod Ends (20),Plastic Rod Ends,1,8.99,8.99,https://store.rc4wd.com/RC4WD-M3M4-Plastic-Long-Rod-Ends-20_p_4477.html?srsltid=AfmBOooKz1YjzW77wR56BtXLI_nyJ8EMSY7lghGUAc8nkblZsERJGC6Kw4Q
MG90S Servo 1/4/10 Pcs Metal Gear Digital 9g Servo For RC Helicopter Airplane Boat Car RC Robot,MG90S Servos,4,2.64,10.56,https://www.aliexpress.us/item/3256807336350998.html?src=google&snps=y&src=google&albch=shopping&acnt=708-803-3821&isdl=y&slnk=&plac=&mtctp=&albbt=Google_7_shopping&aff_platform=google&aff_short_key=UneMJZVf&gclsrc=aw.ds&albagn=888888&ds_e_adid=&ds_e_matchtype=&ds_e_device=c&ds_e_network=x&ds_e_product_group_id=&ds_e_product_id=en3256807336350998&ds_e_product_merchant_id=731012774&ds_e_product_country=US&ds_e_product_language=en&ds_e_product_channel=online&ds_e_product_store_id=&ds_url_v=2&albcp=20542171667&albag=&isSmbAutoCall=false&needSmbHouyi=false&gad_source=4&gad_campaignid=18545443176&gbraid=0AAAAAD6I-hHmZPg9yFjoSmPv7QlrflipS&gclid=CjwKCAjw6MPRBhBTEiwAd-7Mr2Ay1XzGZ3AOLEKESz65txsFfDCqxrrjGJvU1j0lIsPWRIXjna3tPhoCaDAQAvD_BwE&gatewayAdapt=glo2usa#nav-specification
Reaction Tackle Braided Fishing Line - NO FADE Black (65LBS 300YDS),Fishing Line (65LBS 300YDS),1,17.98,17.98,https://reactiontackle.com/products/reaction-tackle-braided-fishing-line-no-fade-black?variant=44287187419375
1080P HD Fixed Focus USB Camera Module 130 Degree Wide Angle for 3D Printer Free Drive 2MP Mini Cam UVC OTG for Linux Window,USB Cameras,3,9.04,27.12,https://www.aliexpress.us/item/3256811583689166.html?gatewayAdapt=glo2usa4itemAdapt
"DROK DC Buck Converter Adjustable Voltage Regulator 12V 6V-32V to 1.5-32V 5A, LCD Screen Step Down Converter with USB Port and Protective Case",Buck/Voltage Regulator,1,15.99,15.99,https://www.amazon.com/DROK-Adjustable-Converter-Transformer-Protective/dp/B07JZ2GQJF?th=1
"Techsmarter 20000mah 65W PPS USB-C PD Power Bank with Samsung Super Fast Charging. Laptop Portable Charger Compatible with iPhone, Galaxy, Android, iPad, MacBook, Chromebook, XPS, ThinkPad, Spectre",65W Power Bank,1,59.99,59.99,https://www.walmart.com/ip/Techsmarter-20000mah-65W-PPS-USB-C-PD-Power-Bank-Samsung-Super-Fast-Charging-Laptop-Portable-Charger-Compatible-iPhone-Galaxy-Android-iPad-MacBook-Ch/1976036058?wmlspartner=wlpa&selectedSellerId=101038842&sourceid=dsn_gdn_0c92c416-dbd6-42ec-845c-ecf69af2153d&veh=dsn&wmlspartner=dsn_gdn_0c92c416-dbd6-42ec-845c-ecf69af2153d&cn=0042_fy27_mp_mpa_lo_int_dis_pmax-p13n&wl9=pla&wl11=online&gad_source=4&gad_campaignid=23148469844&gbraid=0AAAAADmfBIqPPN4qzNjsCrMnD46QzVMcp&gclid=Cj0KCQjwi8nRBhDhARIsAHZf_pbrvnT4YMmG4eTfHRpqIJFXKYzqVkyEIaDyDEOKOIny_rP1pvb7GC8aAhe-EALw_wcB
Adafruit 16-Channel 12-bit PWM/Servo Driver - I2C interface - PCA9685,PWM Servo Driver,1,14.95,14.95,https://www.adafruit.com/product/815?srsltid=AfmBOopmwO9RVf9W3mDJBB6cMZ-kp1dS2KVlt_QWQ-2Z2z_6fd_-_DdY
"2Pcs Raspberry Pi Pico Development Board, Raspberry Pi RP2040 Dual-core ARM Cortex M0+ Processor, Running Up to 133 MHz, Support C/C++/Python, 2MB Quad SPI Flash Integrated with SPI/I2C/UART Interface",Raspberry Pi Pico with RP2040 Microcontroller,1,14.59,14.59,https://www.amazon.com/Raspberry-Pi-Pico-Development-Integrated/dp/B0BDLHMQ9C
40pcs 20 cm (8 inch) Female to Female Multicolored Dupont Wire Breadboard Jumper Ribbon Cables Compatible with Arduino Projects(F/F),Female-to-Female Jumper wires,1,3.99,3.99,https://www.amazon.com/California-JOS-Breadboard-Optional-Multicolored/dp/B0BRTJQGS6/ref=sr_1_3?crid=3RG9N1WFXNONP&dib=eyJ2IjoiMSJ9.ibSfPMW-D8UnuoyT0yyf3EHyUBKSnfs7IU4zkjBWId7p0nxf_xEf1Kt6CssWI40_MxnZigietR9Dk_wgy6e2eJJmxVRL5TNkldapACxBAGS9vnm5AYFrlyKIGUurGt6ouXpEGGK4LEoalR-N7LQQzE0aCBnJKyVMEMknI6UQhBRWrjqMOX_F8zLL0WdsBY5Ig_DU9-rrX4qgELdrZZ2Mza2DPuMmjyLu7bNJD2dFRmw.NfDeWT29o3dGfQQrOuyx5gZq2guPAxjl8NjG5t-oHrc&dib_tag=se&keywords=female%2Bfemale%2Bjumper%2Bwires&qid=1781757785&sprefix=female%2Bfemale%2Bjump%2Caps%2C178&sr=8-3&th=1
1 in 2/3/4/5 out Quick Splicing Mini Compact Connector Orange/Yellow/Blue Lever Push-in Terminal Block For Electrical Connection,1 to 3 Connector,1,4.22,4.22,https://www.aliexpress.us/item/3256806243155519.html?src=google&snps=y&src=google&albch=shopping&acnt=708-803-3821&isdl=y&slnk=&plac=&mtctp=&albbt=Google_7_shopping&aff_platform=google&aff_short_key=UneMJZVf&gclsrc=aw.ds&albagn=888888&ds_e_adid=&ds_e_matchtype=&ds_e_device=c&ds_e_network=x&ds_e_product_group_id=&ds_e_product_id=en3256806243155519&ds_e_product_merchant_id=404245281&ds_e_product_country=US&ds_e_product_language=en&ds_e_product_channel=online&ds_e_product_store_id=&ds_url_v=2&albcp=20542171667&albag=&isSmbAutoCall=false&needSmbHouyi=false&gad_source=4&gad_campaignid=18545443176&gbraid=0AAAAAD6I-hEtX4CYTUcTD1pyQwk2Jw-il&gclid=Cj0KCQjwrs7RBhDuARIsAIVfBD0OHoVuYojqWgi7rZNo624XWAVEyIWVllMBbYgXZb_-v0r1NI4y3Y8aAqySEALw_wcB&gatewayAdapt=glo2usa#nav-specification
1 in 2/3/4/5 out Quick Splicing Mini Compact Connector Orange/Yellow/Blue Lever Push-in Terminal Block For Electrical Connection,1 to 2 Connector,1,3.47,3.47,https://www.aliexpress.us/item/3256806243155519.html?src=google&snps=y&src=google&albch=shopping&acnt=708-803-3821&isdl=y&slnk=&plac=&mtctp=&albbt=Google_7_shopping&aff_platform=google&aff_short_key=UneMJZVf&gclsrc=aw.ds&albagn=888888&ds_e_adid=&ds_e_matchtype=&ds_e_device=c&ds_e_network=x&ds_e_product_group_id=&ds_e_product_id=en3256806243155519&ds_e_product_merchant_id=404245281&ds_e_product_country=US&ds_e_product_language=en&ds_e_product_channel=online&ds_e_product_store_id=&ds_url_v=2&albcp=20542171667&albag=&isSmbAutoCall=false&needSmbHouyi=false&gad_source=4&gad_campaignid=18545443176&gbraid=0AAAAAD6I-hEtX4CYTUcTD1pyQwk2Jw-il&gclid=Cj0KCQjwrs7RBhDuARIsAIVfBD0OHoVuYojqWgi7rZNo624XWAVEyIWVllMBbYgXZb_-v0r1NI4y3Y8aAqySEALw_wcB&gatewayAdapt=glo2usa#nav-specification
"Wired External Speaker, Speaker, Mini Speaker, Portable 13.12ft Black For",External Speaker,1,13.52,13.52,https://www.walmart.com/ip/Wired-External-Speaker-Speaker-Mini-Speaker-Portable-13-12ft-Black-For/1761308510?wmlspartner=wlpa&selectedSellerId=101580919&sourceid=dsn_gdn_0c92c416-dbd6-42ec-845c-ecf69af2153d&veh=dsn&wmlspartner=dsn_gdn_0c92c416-dbd6-42ec-845c-ecf69af2153d&cn=0042_fy27_mp_mpa_lo_int_dis_pmax-p13n&wl9=pla&wl11=online&gad_source=4&gad_campaignid=23148469844&gbraid=0AAAAADmfBIrlVGSzbvDKqckpP70VGwbQo&gclid=CjwKCAjw0dPRBhAPEiwAE5vTTol0dy97MCSxdNTsOX6E88Wa3wKFigmRKRI0pCYE0IlMLAh70Lt0iRoComMQAvD_BwE
SparkFun Electronics 17907 Raspberry Pi Pico Headers Kit,RASPBERRY PI PICO HEADERS KIT,1,1.59,1.59,https://www.digikey.com/en/products/detail/sparkfun-electronics/17907/13910058?gclsrc=aw.ds&gad_source=4&gad_campaignid=20678579980&gbraid=0AAAAADrbLliEdxgN8mG_kkL-u_YZXxdYJ&gclid=Cj0KCQjwrs7RBhDuARIsAIVfBD1UVlaQcT8pw1-ZoaLK37hdU6jTc0r0csjNPll8m1A1vZoyagdfNkoaAi1qEALw_wcB
Stacking Header - 2x20 Extra Tall Header - for Pi A+/B+/Pi 2/Pi 3/Pi 4/Pi 5,Raspberry Pi 5 Headers,1,2.95,2.95,https://www.adafruit.com/product/1979#technical-details
Aluminum Heavy Duty Lazy Susan Rotating Turntable Bearing Swivel Plate Hardware for Dining-Table (10 inch),Lazy Susan,1,19.99,19.99,https://us.amazon.com/Dailydanny-Aluminum-Rotating-Turntable-Dining-Table/dp/B07SZ87WSM/ref=pd_sbs_d_sccl_1_5/134-1924128-5215649?pd_rd_w=Kvlar&content-id=amzn1.sym.aa738fbd-ad05-4d11-aae2-04b598db6305&pf_rd_p=aa738fbd-ad05-4d11-aae2-04b598db6305&pf_rd_r=3Y4PAJ525VFWH5J45G03&pd_rd_wg=F4Afc&pd_rd_r=e10f97e1-4436-4951-bd4f-7a9d65a19ec3&pd_rd_i=B0BTBSXFS3&th=1
Raspberry Pi AI Hat 26 Tops,AI HAT for Hailo-8 NPU,1,109.99,109.99,https://www.microcenter.com/product/687348/raspberry-pi-ai-hat-26-tops
"reSpeaker 2-Mics Pi HAT V2.0 for Raspberry Pi - TLV320AIC3104 Audio Codec, 2 Analog Microphones, 3 APA102 RGB LEDs, 3.5mm Audio Jack, User Button, attached with NLU software algorithms, VAD,DOA, KWS",Mic for Pi,1,13.99,13.99,https://www.seeedstudio.com/ReSpeaker-2-Mics-Pi-HAT.html?srsltid=AfmBOoqTuxOu57H86mM5IC_fDN-978XHFWJr7KnIHIIPjrXMAt4h6JAo
Raspberry Pi 5 8GB,Raspberry Pi 5 ,1,175,175,https://www.canakit.com/raspberry-pi-5-8gb.html?srsltid=AfmBOoqVZCraqB1hv3We59dttLRqB0Z3fVaBIHVCOQDXrIBcwmon3Wtv
"1290-Piece M2, M3, M4, M5 Stainless Steel Button Head Hex Socket Screw Kit with Nuts, Washers and Lock Washers","M2, M3, M4 Screws",1,22.72,22.72,https://www.homedepot.com/p/MYWISH-1290-Piece-M2-M3-M4-M5-Stainless-Steel-Button-Head-Hex-Socket-Screw-Kit-with-Nuts-Washers-and-Lock-Washers-SF-TZ00005/334334772?source=shoppingads&locale=en-US&fp=ggl
M2 M3 M4 Heat Set Insert 3d Printing Soldering Iron Tip Machine Screw and Brass Threaded Inserts Nut Bolt Tool Kit Game Computer,"M2, M3, M4 Heat-set inserts",1,20.19,20.19,https://www.walmart.com/ip/365Pack-M2-M2-5-M3-M4-M5-Metric-Threaded-Inserts-Brass-Heat-Set-Insert-Knurled-Nuts-Assortment-Kit-3D-Printing-Female/15199112905?wmlspartner=wlpa&selectedSellerId=571&selectedOfferId=D3AE6A6FDF293D129B3A9C74EE0533DD&conditionGroupCode=1
"345 Pcs Black Nylon Electrical Outlet Spacers Kit - Non-Threaded Round Plastic Spacers for Switch & Receptacle Screws, Secure Fit Spacer Assortment for Outlet Installation",Spacers,1,6.95,6.95,https://www.amazon.com/Spacers-Assortment-Electrical-Unthreaded-Receptacle/dp/B0CBBC9SR1/ref=sr_1_1?dib=eyJ2IjoiMSJ9.d6251Pn9od4P4vt-ARdNXIt73cs8qqpGrVeKzlLRBme87gYO4tbTYRAMTBjBScXUcA1HpeUZNqpf2eKYWfVArBy3oE1cioKAey10hXp055rN9tNiGONjIHn3HWaG_46Obarb2bOIgpFQZFgStVxz0oqoeA0P6GpkT9NdNHNzVcx0FqvvjJBI39nADoP7qvw58XIBB3bjBGIfyfRg8Dogz4oOut6iP3-bHfirfpHLkeQ.UZxvf5mvC5JFkYzuPlAPYBXgeKEj-Cc2QUEZdGg906w&dib_tag=se&keywords=hardware%2Bspacers&qid=1782006505&sr=8-1&th=1
"Cable Tie Mounts, (100-Pieces), White",Cable tie mounts,1,2.95,2.95,https://www.homedepot.com/p/QualGear-Cable-Tie-Mounts-100-Pieces-White-CM2-W-100-P/303357753?g_store=6589&source=shoppingads&locale=en-US&fp=ggl
PTFE Teflon tubing 10ft - 3mm ID X 4mm OD for 1.75 Filament Bowden 3D Printer - Allen Tech PTFE Teflon Tube,PTFE Tubing,1,8.99,8.99,https://www.amazon.com/s?k=ptfe+tubing+3mm&crid=289ZM7QT3WT4G&sprefix=ptfe+tubing+mm%2Caps%2C164&ref=nb_sb_noss_2
Through-Hole Resistors - 10K ohm 5% 1/4W - Pack of 25,10k Resistors,1,0.75,0.75,https://www.adafruit.com/product/2784?srsltid=AfmBOoqhFl1DR3cqcPkDrhe-8XtlauVLFITmPe9R4AD6wi_cimrs6S9e
"Monoprice USB 2.0 Cable - 1.5 Feet - White | USB Type-A Male to USB Type-A Male, 28/24AWG, Gold Plated, 480 Mbps",USB-A to USB-A Cable,1,6.58,6.58,https://www.target.com/p/monoprice-usb-2-0-cable-1-5-feet-white-usb-type-a-male-to-usb-type-a-male-28-24awg-gold-plated-480-mbps/-/A-76798684#lnk=sametab
"Anker Braided USB-C to USB-C Cable (6ft, 60W) Black",USB-C to USB-C Cable,1,7.97,7.97,https://www.walmart.com/ip/Anker-322-Braided-USB-C-to-USB-C-Cable-6ft-A81F6H11-1-Black/2387232905?wl13=1055&wmlspartner=wlpa&selectedSellerId=0
USB Power Pigtail Cable USB Male to 2 Pin Bare Wire Open End Power Pigtail Cord for LED Fan Camera Accessories,USB-A Male to 2 Pin pigtail cable,1,5.67,5.67,https://www.walmart.com/ip/USB-Power-Pigtail-Cable-USB-Male-to-2-Pin-Bare-Wire-Open-End-Power-Pigtail-Cord-for-LED-Fan-Camera-Accessories/18017062155?wmlspartner=wlpa&selectedSellerId=102950259
Adhesive Guru AG250 CA Glue With Activator,CA glue and activator,1,11.99,11.99,https://www.hobbylobby.com/crafts-hobbies/glue-adhesives/liquid-craft-glue/adhesive-guru-ag250-ca-glue-with-activator/p/81250141?srsltid=AfmBOorFNMAMbPR8EHG7FjCZU7oAws-ogSm825LrYSAGCK08G6C0TxyJsas
"5mm Shaft (Stainless Steel, 250mm Length)",5mm shaft,2,4.29,8.58,https://www.servocity.com/5mm-x-250mm-stainless-steel-precision-shafting/
Uxcell 2 Pcs Round Steel Rod 3mm Diameter HSS Lathe Bar Stock Tool 200mm Long for Shaft Gear Drill Lathes Boring Machine Turning Miniature Axle Cylindrical Pin DIY Craft Tool,3mm shaft,1,10.19,10.19,https://www.walmart.com/ip/Uxcell-2-Pcs-Round-Steel-Rod-3mm-Diameter-HSS-Lathe-Bar-Stock-Tool-200mm-Long-Shaft-Gear-Drill-Lathes-Boring-Machine-Turning-Miniature-Axle-Cylindric/17298107261?wmlspartner=wlpa&selectedSellerId=571&selectedOfferId=81FABB9F45923AACA4232D01D6F17F6A&conditionGroupCode=1
Ender-PLA Filament 2KG Value Pack,PLA Filament,1,$19.80,$19.80,https://store.creality.com/products/live-ender-pla-filament-2kg-value-pack?variant=51937720336749&country=US&currency=USD&utm_medium=product_sync&utm_source=google&utm_content=sag_organic&utm_campaign=sag_organic&gad_source=4&gad_campaignid=23290615369&gbraid=0AAAAAog6skeszsBfooaIpdMT8ewOlovSb&gclid=CjwKCAjw3ejRBhAdEiwADkqPn1eFsBQOmLWVqfL6GwfxqOFtkWbjt2b5DJ6loqSaj5sqYJZQYOQr1RoCt1sQAvD_BwE
"Inland 1.75mm TPU 3D Printer Filament 1.0 kg (2.2 lbs.) Spool - Black",TPU Filament,1,24.99,24.99,https://www.microcenter.com/product/610047/inland-175mm-black-tpu-3d-printer-filament---1kg-spool-(22-lbs)?osfs=true&osfs=true&bvstate=pg%3A2%2Fct%3Ar&storeid=175&showfullsite=true
Inland 1.75mm PETG 3D Printer Filament 1kg Carboard Spool (2.2 lbs) - Black,PETG Filament,1,12.99,12.99,https://www.microcenter.com/product/503745/175mm_petg_3d_printer_filament_1kg_carboard_spool_(22_lbs)_-_black_dimensional_accuracy_--_003mm?osfs=true&osfs=false&storeid=041&showfullsite=true&bvstate=pg:2/ct:r
TOTAL,,43,,701.94,